Word,Score
Agglomeration,0.800
proponieren,0.750
Infantilität,0.750
Vortrefflichkeit,0.750
Honorationen,0.750
divergieren,0.725
nobilitieren,0.725
korrespondieren,0.725
Entourage,0.725
Vokabularium,0.725
interpellieren,0.725
Fidelität,0.725
affektioniert,0.725
Bravur,0.725
diskursiv,0.700
Ethos,0.700
Akquisition,0.700
Applikation,0.700
avisieren,0.700
konziliant,0.700
hermetisch,0.700
introduzieren,0.700
Ambiente,0.700
disharmonieren,0.700
Konfident,0.700
Decouragiertheit,0.700
glorifizieren,0.700
Inferenz,0.700
resignativ,0.700
erhaben,0.700
apostrophieren,0.700
überdenkenswert,0.675
adversativ,0.675
partizipieren,0.675
Gelöbnis,0.675
anthropozentrisch,0.675
Ehrbarkeit,0.675
indispensabel,0.675
segenbringend,0.675
Utopie,0.675
Konvivialität,0.675
metaphysisch,0.675
Divertissement,0.675
indisponiert,0.675
Interieur,0.675
distinguiert,0.675
kulant,0.675
Breviarium,0.675
Animositäten,0.675
Plädoyer,0.675
kontraintuitiv,0.675
Dysharmonie,0.650
legitimieren,0.650
präsumieren,0.650
Inanspruchnahme,0.650
Demarkationslinie,0.650
Subjektivitaet,0.650
protegieren,0.650
interpretationsoffen,0.650
avertieren,0.650
aversiv,0.650
koinzidierend,0.650
Autorisation,0.650
konsolidieren,0.650
Exzentrizität,0.650
suggerieren,0.650
degoutieren,0.650
potentiell,0.650
gravierend,0.650
Degustation,0.650
inkommodieren,0.650
Personifikation,0.650
Faktotum,0.650
alterieren,0.650
Gemahlin,0.650
enthusiasmieren,0.650
Urbanität,0.650
Coiffeur,0.650
Elegiker,0.650
generieren,0.650
kohabitieren,0.650
auserkoren,0.625
Reputation,0.625
Nimbus,0.625
Kommassation,0.625
pauschalieren,0.625
Konvolut,0.625
Kontenance,0.625
enthusiasmiert,0.625
assimilieren,0.625
perpetuierlich,0.625
Prinzipal,0.625
vollumfänglich,0.625
affektiert,0.625
manifest,0.625
Proposition,0.625
hedonistisch,0.625
Elogium,0.625
Autoreferentialität,0.625
existenziell,0.625
prätendieren,0.625
Selbstreferenzialität,0.625
Charme,0.625
decouragiert,0.625
Sondierungsgespräch,0.625
Paradoxon,0.625
Plastizität,0.625
Zier,0.600
differieren,0.600
Symptom,0.600
konträr,0.600
priviligierten,0.600
prägnant,0.600
Konziliation,0.600
arretieren,0.600
omniszient,0.600
Prosperität,0.600
Animosität,0.600
kontrafaktisch,0.600
irrational,0.600
Optimierungspotenzial,0.600
despektierlich,0.600
Mentalität,0.600
Replik,0.600
Existenz,0.600
sequentiell,0.600
Ataraxie,0.600
intendiert,0.600
Pendant,0.600
dubious,0.600
kommunizieren,0.600
decouragieren,0.600
Allusion,0.600
sprachmächtig,0.600
Supplikant,0.600
Courtoisie,0.600
decouvrieren,0.575
pointiert,0.575
Infrastrukturprojekt,0.575
Thematik,0.575
antagonistisch,0.575
räsonabel,0.575
präjudizieren,0.575
ersinnen,0.575
akademisch,0.575
prioritär,0.575
auseinanderdividieren,0.575
Horizont,0.575
Substanzialität,0.575
Androzentrismus,0.575
Konklusion,0.575
Gepflogenheit,0.575
arrivieren,0.575
Ressentiment,0.575
amortisieren,0.575
pikaresk,0.575
prononciert,0.575
bürgerlich,0.575
Zugewandtheit,0.575
Invektive,0.575
konkurrieren,0.575
Notabilität,0.575
Remise,0.575
symbolisch,0.575
sprachgewaltig,0.575
Monumentalwerk,0.575
erlesen,0.575
antithetisch,0.575
Apparenz,0.575
gratifikationen,0.575
partout,0.575
hinbemühen,0.575
inkompetent,0.575
ostentativ,0.575
Verlöbnis,0.550
erdenklich,0.550
neuronal,0.550
kryptisch,0.550
wohlmeinend,0.550
orchestrieren,0.550
soutenieren,0.550
perzipieren,0.550
Verdrießlichkeiten,0.550
gemeinhin,0.550
Expropriation,0.550
Sensorium,0.550
defenestrieren,0.550
Immanenz,0.550
mitnichten,0.550
magnifik,0.550
Bouquet,0.550
Investitur,0.550
konterminieren,0.550
Sophismus,0.550
institutionalisiert,0.550
Alternative,0.550
ajourieren,0.550
Zugegensein,0.550
gegebenenfalls,0.550
progressiv,0.550
Etablissement,0.550
Imponderabilität,0.550
Exkurs,0.550
Erratum,0.550
Korrelat,0.550
blasphemisch,0.550
Disput,0.550
besiegeln,0.550
Serendipität,0.550
Defaitismus,0.550
amalgamieren,0.550
argumentativ,0.550
wohldefinierten,0.550
Despot,0.550
fortstreben,0.550
tangieren,0.525
unfokussiert,0.525
Konvivium,0.525
Zuvorkommenheit,0.525
Gebietskörperschaft,0.525
augurieren,0.525
unabdingbar,0.525
ungehalten,0.525
Höhenkammliteratur,0.525
arrondieren,0.525
Anthologie,0.525
brüskieren,0.525
ennuyant,0.525
Ajourierung,0.525
votieren,0.525
konnivieren,0.525
Ideologie,0.525
eklektizistisch,0.525
altruistisch,0.525
hinabsteigen,0.525
Nachfahre,0.525
Proskynese,0.525
Gemach,0.525
Corrigenda,0.525
Opprobration,0.525
indes,0.525
orthodox,0.525
amoralisch,0.525
Diligenz,0.525
Brouillon,0.525
Epigonentum,0.525
restringieren,0.525
geloben,0.525
Intuitionismus,0.525
Affektiertheit,0.525
lukrativ,0.525
interpretieren,0.525
internalisieren,0.525
grämen,0.525
nähren,0.525
kommensurabel,0.525
gleichwohl,0.525
Chaiselongue,0.525
desavouieren,0.525
prohibieren,0.525
Narrativ,0.500
Kontext,0.500
installieren,0.500
begnadet,0.500
indolent,0.500
Paralogistik,0.500
informell,0.500
kleidsam,0.500
affirmieren,0.500
nonchalant,0.500
Notation,0.500
verbildlichen,0.500
indigniert,0.500
Ungehörigkeit,0.500
exakt,0.500
vorbehaltlos,0.500
Verblichener,0.500
avancieren,0.500
zieren,0.500
Pionier,0.500
vorherrschend,0.500
gewahren,0.500
kontribuieren,0.500
dualistisch,0.500
Ruhmesblatt,0.500
Euthymie,0.500
anmerken,0.500
Performance,0.500
höchstselbst,0.500
Autorisierung,0.500
imaginiert,0.500
torquieren,0.500
diametral,0.500
vidimieren,0.500
Novität,0.500
Handreichung,0.500
Gebarung,0.500
Exzentriker,0.500
bourgeois,0.500
deformieren,0.500
korrelieren,0.500
präsentabel,0.500
Addendum,0.500
Falsifizierung,0.500
Faktizität,0.500
echauffieren,0.500
Orpheum,0.500
insular,0.500
fluktuieren,0.500
Gravitas,0.500
emporarbeiten,0.500
Tirade,0.475
oppositiv,0.475
Gegenargument,0.475
Apotheose,0.475
Hexagon,0.475
Familiarität,0.475
Herrschaft,0.475
Chiffre,0.475
zuvortun,0.475
katonisch,0.475
Poesie,0.475
prolongieren,0.475
erharren,0.475
geflissentlich,0.475
ennuyieren,0.475
disparat,0.475
enthalten,0.475
Assertion,0.475
Bundesverdienstorden,0.475
Abkomme,0.475
zeitgenössisch,0.475
vermögen,0.475
konsterniert,0.475
Abendtafel,0.475
inexistent,0.475
Diktum,0.475
dürsten,0.475
diskreditieren,0.475
Schadstoffausstoß,0.475
traumversunken,0.475
Überzeugung,0.475
Akteur,0.475
prometheisch,0.475
metropolitan,0.475
Glaubensfreiheit,0.475
Lehramtsstudium,0.475
unterschiedlich,0.475
stringent,0.475
exhaustiv,0.475
Errata,0.475
befleißen,0.475
rekurrieren,0.475
destruieren,0.475
Selbstverständlichkeit,0.475
eruieren,0.475
sonnendurchflutet,0.475
Ektypus,0.475
geziemen,0.475
abundant,0.450
gedeihlich,0.450
Aviarium,0.450
segensreich,0.450
idiomatisch,0.450
Monopolist,0.450
Herrenzimmer,0.450
präsumtiv,0.450
transient,0.450
implodieren,0.450
abhorrieren,0.450
feinsinnig,0.450
Pamphlet,0.450
Machination,0.450
Studiosus,0.450
Darreichung,0.450
Opposition,0.450
insolent,0.450
Empfinden,0.450
okkasionell,0.450
Architekt,0.450
bemerken,0.450
Bifurkation,0.450
Firmenzusammenschluss,0.450
Diskutantin,0.450
Inkonsistenzen,0.450
Abnegation,0.450
zunichtewerden,0.450
Koalition,0.450
Distinktion,0.450
weidlich,0.450
infinit,0.450
gymnasial,0.450
Couleur,0.450
Verehrtester,0.450
delphisch,0.450
affiliieren,0.450
Adebar,0.450
Auslassung,0.450
Inflation,0.450
ridikül,0.450
Göttliche,0.450
Sentenz,0.450
ersprießlich,0.450
sphärisch,0.450
infallibel,0.450
durchaus,0.450
segregieren,0.450
hinuntergeleiten,0.450
Wählerwille,0.450
Kriegsrhetorik,0.450
intonieren,0.450
medioker,0.450
majorisieren,0.450
Filius,0.450
Gegenüber,0.450
hinlänglich,0.450
befindlich,0.425
Seigneur,0.425
ominös,0.425
Herkunft,0.425
Kategorie,0.425
erzürnt,0.425
Argument,0.425
logieren,0.425
verweilen,0.425
wohlfeil,0.425
vermelden,0.425
saturiert,0.425
transpirieren,0.425
Selbstbestimmung,0.425
Willkür,0.425
admonieren,0.425
Satire,0.425
postulieren,0.425
befürworten,0.425
Staatsgelder,0.425
antediluvianisch,0.425
fernbleiben,0.425
absentieren,0.425
Überzahl,0.425
Vorgehen,0.425
Kenotaph,0.425
apropos,0.425
dialektisiert,0.425
arbiträr,0.425
legal,0.425
Konsternation,0.425
Zwiesprache,0.425
Barriere,0.425
virtuell,0.425
Brouillerie,0.425
Strategema,0.425
zugetan,0.425
bewunderungswürdig,0.425
letztgültig,0.425
Ventilierung,0.425
Epitaph,0.425
verschonen,0.425
infantilisieren,0.425
Hysteron-Proteron,0.425
Meublement,0.425
Differenzen,0.425
eruptiv,0.425
Gemeinsamkeit,0.425
anheimgeben,0.425
Parergon,0.425
Blutbahn,0.425
Universum,0.425
verweisen,0.425
Weihe,0.425
zugestehen,0.425
Reverenz,0.425
emergieren,0.425
Fauxpas,0.425
Postillon,0.425
entledigen,0.425
Mühsal,0.400
Bildungsweg,0.400
Kabinett,0.400
Revirement,0.400
ingestieren,0.400
Landeskennzahl,0.400
devastieren,0.400
nimmermüde,0.400
alternieren,0.400
notifizieren,0.400
syndetisch,0.400
kritisieren,0.400
Pessismist,0.400
vernunftwidrig,0.400
kuratieren,0.400
entbehrenswert,0.400
Semester,0.400
angelegentlich,0.400
primär,0.400
Quasisouveränität,0.400
Duden,0.400
agieren,0.400
abandonnieren,0.400
Appetit,0.400
unredlich,0.400
dithyrambisch,0.400
Konflikt,0.400
Septennat,0.400
depravieren,0.400
maximieren,0.400
Kasuistik,0.400
Paradiesfrucht,0.400
abhandenkommen,0.400
Depot,0.400
Häme,0.400
repetieren,0.400
anempfehlen,0.400
gelinde,0.400
Glorie,0.400
Kleinod,0.400
hochmögend,0.400
verabschieden,0.400
auseinandersetzen,0.400
wahrnehmen,0.400
Usance,0.400
zutragen,0.400
Bundesebene,0.400
Sanierung,0.400
Fortschrittsidee,0.400
Reaktionär,0.400
Miszellaneen,0.400
entsagen,0.400
orphisch,0.375
affabel,0.375
hybrid,0.375
säumig,0.375
selbstredend,0.375
wohlgelitten,0.375
philiströs,0.375
usurpieren,0.375
unvergleichlich,0.375
Sozialdemokrat,0.375
Räumlichkeit,0.375
geschichtlich,0.375
stets,0.375
Mondeslicht,0.375
Galeere,0.375
Konfektion,0.375
patriotisch,0.375
prachtvoll,0.375
Konterfei,0.375
Enthüllung,0.375
Saunaaufguss,0.375
Monstrosität,0.375
filetieren,0.375
Papst,0.375
Tischdame,0.375
prekär,0.375
erkoren,0.375
manipulieren,0.375
Bank,0.375
Degout,0.375
Abkunft,0.375
befassen,0.375
trachten,0.375
Verworfenheit,0.375
hochbetagt,0.375
fallibel,0.375
Vollmacht,0.375
Internet,0.375
Beantragender,0.375
Maßnahme,0.375
Debütant,0.375
Naturell,0.375
Migration,0.375
Spannweite,0.375
reuen,0.375
Zierde,0.375
Pestilenz,0.375
demokratisch,0.375
unzivilisiert,0.375
Ungemach,0.375
bejahen,0.375
Diktionär,0.375
mathematisch,0.375
realitaetsfern,0.375
kustodial,0.375
widerfahren,0.375
Hilarität,0.375
Gedanke,0.375
superb,0.375
Naturforscher,0.375
Ingenieur,0.375
Hysteriesierung,0.350
Paternoster,0.350
Dissens,0.350
sistieren,0.350
Theorie,0.350
formulieren,0.350
Phraseur,0.350
unterordnen,0.350
Trottoir,0.350
Schlüsselakteur,0.350
Exzerpt,0.350
verdrießen,0.350
erhallen,0.350
Fehlverhalten,0.350
Wimpernschlag,0.350
Mittlerweile,0.350
ergo,0.350
überstrahlen,0.350
entbehrlich,0.350
einstweilen,0.350
Meldung,0.350
Automobil,0.350
fortan,0.350
Comptoir,0.350
Treueschwur,0.350
satirisch,0.350
Amuse-Bouche,0.350
betört,0.350
Referenz,0.350
dartun,0.350
Richtwert,0.350
Zwischenzeit,0.350
Korruption,0.350
abermalig,0.350
Reform,0.350
sinnen,0.350
himmelsgleich,0.350
näherungsweise,0.350
nichtssagend,0.350
Verspätung,0.350
grenzwertig,0.350
asserieren,0.350
auftun,0.350
Pasquill,0.350
privatisieren,0.350
Erfindung,0.350
Verantwortung,0.350
suggestibel,0.350
befugen,0.350
heimbegeben,0.350
Krisenvorsorge,0.350
Sendezeit,0.350
nachmals,0.350
verzagen,0.350
Medienvertreter,0.350
schüchtern,0.350
lapidar,0.350
vordergründig,0.350
staunenswert,0.350
tränenselig,0.325
zuschreiten,0.325
niederlassen,0.325
Situation,0.325
rektifizieren,0.325
machistisch,0.325
Zuführung,0.325
Konkubinat,0.325
Olympiamedaille,0.325
Affront,0.325
Öffentlichkeit,0.325
Queste,0.325
Richter,0.325
sinnentleert,0.325
sibyllinisch,0.325
Galanterie,0.325
Protestation,0.325
einflechten,0.325
dejeunieren,0.325
Insurgent,0.325
degoutant,0.325
spezifisch,0.325
zagen,0.325
existieren,0.325
armieren,0.325
valid,0.325
Wohlgeruch,0.325
Damenwelt,0.325
Aretalogie,0.325
Gezweig,0.325
Caprice,0.325
veranlagen,0.325
erhören,0.325
Aretologie,0.325
Ehrenbezeigung,0.325
befinden,0.325
entsprechend,0.325
Niederschlag,0.325
inäqual,0.325
einhellig,0.325
Traktat,0.325
gluecklicherweise,0.325
Blütenlese,0.325
gehaltvoll,0.325
impulsiv,0.325
namhaft,0.325
Psychoanalytiker,0.325
Fortüne,0.325
einmütig,0.325
Distanz,0.325
beschwerlich,0.325
glaubhaft,0.325
antinomisch,0.325
Günstling,0.325
Aufschwung,0.325
erlauben,0.325
Flugschrift,0.325
Erzeugnis,0.325
Tierschutzgründen,0.325
Polyhistor,0.325
gemahnen,0.325
fürderhin,0.325
Rückendeckung,0.325
Fortune,0.325
Sophisma,0.325
vegetabilisch,0.300
unbotmäßig,0.300
prägen,0.300
entmieten,0.300
detachiert,0.300
Intelligenz,0.300
darbringen,0.300
Offenbarung,0.300
Einsatzbericht,0.300
biennal,0.300
inkomparabel,0.300
Memento,0.300
stöbern,0.300
molestieren,0.300
wetterbedingt,0.300
unisex,0.300
viabel,0.300
unterreden,0.300
Parvenu,0.300
erwählt,0.300
Egoismusbegriff,0.300
Arbeitsfülle,0.300
weltweit,0.300
Bataille,0.300
relativieren,0.300
produzieren,0.300
parat,0.300
ersterben,0.300
Macht,0.300
Bedeutung,0.300
umfloren,0.300
staatlich,0.300
Klischee,0.300
Geschäft,0.300
unterbleiben,0.300
Paralipomenon,0.300
entsprechen,0.300
stolz,0.300
Beihilfe,0.300
bestbeleumdet,0.300
Misshelligkeiten,0.300
Weltklimarat,0.300
Partei,0.300
Euro-Zone,0.300
freventlich,0.300
Lernziel,0.300
Bremsscheibe,0.300
konfus,0.300
Situationskomik,0.300
erhellen,0.300
Injurie,0.300
religiomorph,0.300
flottieren,0.300
Erderwärmung,0.300
Mantik,0.300
huldvoll,0.300
Nächstenliebe,0.300
Defraudation,0.300
morbid,0.300
populär,0.300
Ruhestätte,0.300
betrüblich,0.300
Deutung,0.275
Virus,0.275
servil,0.275
Autoinsassen,0.275
schicklich,0.275
Defenestration,0.275
Bemäkelung,0.275
Februar,0.275
zugänglich,0.275
unverbildet,0.275
heilbar,0.275
Organ,0.275
importun,0.275
zerrinnen,0.275
verschweigen,0.275
Ehefrau,0.275
kommod,0.275
perpetuell,0.275
nunmehr,0.275
Keimzelle,0.275
verharren,0.275
Überprüfung,0.275
gesinnungsfest,0.275
Verbalinjurie,0.275
geordnet,0.275
Kurssturz,0.275
Imperten,0.275
rechtskräftig,0.275
Gebäudlichkeit,0.275
ausharren,0.275
voranschreiten,0.275
Forderung,0.275
Augurenlächeln,0.275
erachten,0.275
sinnwidrig,0.275
Saison,0.275
Dotation,0.275
Gebiet,0.275
nachdenklich,0.275
betörend,0.275
Katastrophe,0.275
Aufstiegsplatz,0.275
artigerweise,0.275
erarbeiten,0.275
Wahlbetrug,0.275
feingesponnen,0.275
Vorbild,0.275
Erbötigkeit,0.275
Austritt,0.275
Plexiglas,0.275
adhibieren,0.275
abbreviieren,0.275
erweisen,0.275
Mephisto,0.275
Wahlbeteiligung,0.275
Handelsmann,0.275
Parapluie,0.275
erstehen,0.275
seiend,0.275
Wiegentag,0.275
derangiert,0.250
Herzenslust,0.250
Papa,0.250
behaupten,0.250
belassen,0.250
garantieren,0.250
Oppression,0.250
belohnen,0.250
schön,0.250
populistisch,0.250
Gedächtnis,0.250
Gastgewerbe,0.250
Kabale,0.250
begeben,0.250
trumpfen,0.250
Unrecht,0.250
Linie,0.250
wohlan,0.250
Genie,0.250
Kredit,0.250
Energiesparlampe,0.250
Lebensspenderin,0.250
blasiert,0.250
einsehbar,0.250
Grundsatz,0.250
erwerben,0.250
Verstand,0.250
Amuse-Gueule,0.250
Güte,0.250
Eiweiß,0.250
meinige,0.250
Gezweige,0.250
pikarisch,0.250
Kanzlerin,0.250
Ingwer,0.250
gedankenverloren,0.250
übernehmen,0.250
Kristallzucker,0.250
Demokratie,0.250
dennoch,0.250
Titanismus,0.250
verzinken,0.250
diesbezwecks,0.250
folglich,0.250
äugeln,0.250
Frauenquote,0.250
Buch,0.250
Bedrängnis,0.250
standbildhaft,0.250
Auslandsaufenthalt,0.250
verschreiben,0.250
Politiker,0.250
eindecken,0.250
trostlos,0.250
Burschenschaft,0.250
Amüsement,0.250
erschließen,0.250
Oberfläche,0.250
Grundlage,0.250
Vergeheimnissung,0.250
ausdrücklich,0.250
Diner,0.250
paradox,0.250
Verbündete,0.250
Familie,0.250
Signal,0.225
farblos,0.225
absondern,0.225
gesamtdeutsch,0.225
guenstig,0.225
erbarmungswürdig,0.225
gedanklich,0.225
entwenden,0.225
verwendbar,0.225
schizophren,0.225
Handel,0.225
Prüfung,0.225
entzücken,0.225
jederzeit,0.225
Waldesrand,0.225
schlechthin,0.225
Geschmackssache,0.225
Sottisen,0.225
erkaufen,0.225
hinunterspülen,0.225
Prodromus,0.225
Valduna,0.225
Bemerkung,0.225
Beischlaf,0.225
Geist,0.225
Logischerweise,0.225
saumselig,0.225
Rodomontade,0.225
handeln,0.225
baldestmöglich,0.225
erfassen,0.225
hinreichen,0.225
Überlebensängst,0.225
umgehend,0.225
Irrsinn,0.225
rückwärtsgewandt,0.225
Aufkommen,0.225
standardsprachlich,0.225
Hebamme,0.225
Prüfstein,0.225
Raucherlunge,0.225
Fernrohr,0.225
weiss,0.225
deutschsprachig,0.225
danken,0.225
freudetrunken,0.225
überliefern,0.225
chartern,0.225
späterhin,0.225
Königin,0.225
Tiefe,0.225
Standardfalschschreibung,0.225
Märtyrertod,0.225
bewegen,0.225
christlich,0.225
währen,0.225
Raumkosmetikerin,0.225
Einstellung,0.225
Neuerung,0.225
Eleve,0.225
Neuwahl,0.225
verzweifelt,0.225
erdverbunden,0.225
Annalen,0.225
kleinmütig,0.225
Gastfreiheit,0.225
jeglicher,0.225
Menschenverstand,0.225
Mondenschein,0.225
Kalamität,0.225
gewaehrleistung,0.225
Sicherungsautomat,0.225
fronen,0.225
Korporation,0.225
darob,0.225
Ersatzspieler,0.225
unangestrengt,0.225
Oppositionsparteien,0.225
vergangenheitsverklärend,0.200
Postille,0.200
Sozialist,0.200
vermitteln,0.200
mittlerweile,0.200
beleumden,0.200
Witz,0.200
Berg,0.200
völkisch,0.200
Sophisterei,0.200
außerordentlich,0.200
Provokation,0.200
ausschließlich,0.200
Stadt,0.200
entfahren,0.200
instantan,0.200
Zusammenschau,0.200
Festung,0.200
Defätismus,0.200
glaubwürdig,0.200
Stärkung,0.200
Sujet,0.200
vegetabil,0.200
pastellen,0.200
Eitelkeit,0.200
lebhaft,0.200
Einheimischer,0.200
Ingenue,0.200
annehmen,0.200
Zeit,0.200
animos,0.200
Name,0.200
sanieren,0.200
fein,0.200
verkommend,0.200
vorliegens,0.200
Verteilungsproblem,0.200
deutlich,0.200
Entschädigung,0.200
formen,0.200
Mitmensch,0.200
erstaunlich,0.200
Aufstellung,0.200
absolut,0.200
Moment,0.200
leinwand,0.200
Bedenkenträger,0.200
Aufregung,0.200
herzensfroh,0.200
Luxus,0.200
erklärlich,0.200
Lösung,0.200
herauszulösen,0.200
Umlauf,0.200
Gerstenkaltgetränk,0.200
Galan,0.200
torpedieren,0.200
weltverloren,0.200
Ewigkeit,0.200
Kreide,0.200
Redeblume,0.200
Schrift,0.200
Elenchus,0.175
überbezahlt,0.175
konsumistisch,0.175
tumultuos,0.175
Bacchant,0.175
Schützerin,0.175
Flucht,0.175
Einsamkeit,0.175
Klimawandel,0.175
horrend,0.175
sibyllenhaft,0.175
entfliehen,0.175
Bluescreen,0.175
Grenzschützer,0.175
Gekünsteltheit,0.175
ansatzweise,0.175
Reinfall,0.175
einbeziehen,0.175
Rente,0.175
Lapsus,0.175
Gleichstück,0.175
drastisch,0.175
gleisnerisch,0.175
zubekommen,0.175
beruflich,0.175
Schrein,0.175
versorgen,0.175
Zug,0.175
abhalten,0.175
Gruppe,0.175
mühen,0.175
Komödie,0.175
Ödnis,0.175
Schuldgefühl,0.175
Byzanz,0.175
definitiv,0.175
dererlei,0.175
Heimstatt,0.175
verlieren,0.175
Abteil,0.175
Katholik,0.175
Lage,0.175
zugesellen,0.175
Windkraft,0.175
Barschaft,0.175
Erdenrund,0.175
unverdient,0.175
Diebstahl,0.175
Schule,0.175
aktuell,0.175
Deutsch,0.175
höchlichst,0.175
Proponent,0.175
Augenstern,0.175
Schiefermappe,0.175
Diskutant,0.175
Übrigen,0.175
woanders,0.175
Machthaber,0.175
nachschlagen,0.175
beschirmen,0.175
Nachtgewand,0.175
Schützenhilfe,0.175
Unerquicklichkeiten,0.175
Fluggesellschaft,0.175
sofortig,0.175
divers,0.175
Umgangssprache,0.175
dazugewinnen,0.175
begehrlich,0.175
Betrügerei,0.175
Intimus,0.175
vigil,0.175
angeführt,0.175
eignen,0.175
Guss,0.175
Neues,0.175
wichtig,0.175
Wissen,0.175
outrieren,0.175
vollbracht,0.175
bereden,0.175
sinister,0.175
Sottise,0.175
Bankomat,0.175
Taucherbrille,0.175
feingeschliffen,0.175
unverdorben,0.175
Logik,0.175
Tischtuecher,0.175
hervortun,0.175
Aha-Effekt,0.175
Sprung,0.175
Schelm,0.175
Verteiler,0.175
Bereich,0.175
zweierlei,0.175
Milchner,0.175
Wähler,0.175
Kaiser,0.175
ergehen,0.150
Gutverdiener,0.150
Trug,0.150
kraft,0.150
Suchworte,0.150
damasten,0.150
Schauspieler,0.150
Kommentar,0.150
aufschließen,0.150
Reptilie,0.150
zurückverlangen,0.150
Mädchen,0.150
hintanstehen,0.150
Wiegenfest,0.150
Geldwäsche,0.150
zeichenhaft,0.150
kundmachen,0.150
heuchlerisch,0.150
Kritiker,0.150
Demolition,0.150
Formularitis,0.150
Beutegreifer,0.150
barhäuptig,0.150
entfleucht,0.150
orofazial,0.150
Flügelschlag,0.150
Hotelkaffee,0.150
Hälfte,0.150
Zutat,0.150
weichen,0.150
berühmt,0.150
mögen,0.150
verfälschen,0.150
begaben,0.150
hiesig,0.150
Prätension,0.150
flagrant,0.150
Mailaddy,0.150
Aufgeregtheit,0.150
Anhänger,0.150
jedenfalls,0.150
verantwortlich,0.150
verhehlen,0.150
wandeln,0.150
zueignen,0.150
einnehmen,0.150
hüten,0.150
Gottesgeißel,0.150
brisant,0.150
Placement,0.150
unwürdig,0.150
zuständig,0.150
Zelt,0.150
Maiennacht,0.150
redegewaltig,0.150
ausleuchten,0.150
labyrinthisch,0.150
Gewandung,0.150
Beantwortung,0.150
unterziehen,0.150
fliegen,0.150
Arbeit,0.150
Gehässigkeit,0.150
stichhaltig,0.150
fürnehm,0.150
Kindergartenunterricht,0.150
tagen,0.150
Getragenheit,0.150
Schmerzmittel,0.150
frischauf,0.150
berufen,0.150
Rechtsextremismus,0.150
zugegebenermaßen,0.150
gefällig,0.150
Guerilliakampf,0.150
Piano,0.150
Diktatur,0.150
Finanzspritze,0.150
bildungsschwach,0.150
bewusst,0.150
lehnen,0.150
Reih,0.150
Düsenjet,0.150
zuzüglich,0.125
arten,0.125
Bestehende,0.125
Reptil,0.125
Krisis,0.125
süperb,0.125
Großstädter,0.125
satirepreis,0.125
unterfertigen,0.125
Rachen,0.125
Sitzabstand,0.125
Besonderheit,0.125
Ruhrpott,0.125
Guete,0.125
Zweck,0.125
Gerstensaft,0.125
Frostschutzmittel,0.125
bemänteln,0.125
sinnentleerte,0.125
travestieren,0.125
entweichen,0.125
Elektronengehirn,0.125
Hysterie,0.125
überlegen,0.125
Schema,0.125
inhaltlich,0.125
Telefonate,0.125
loben,0.125
TFT-Display,0.125
Drogenboss,0.125
Bestellung,0.125
überziehen,0.125
Pfad,0.125
Gent,0.125
ungesäumt,0.125
Ruder,0.125
Nonsens,0.125
abseitsstehen,0.125
gründen,0.125
Teekesselchen,0.125
Beamten-Anwaerters,0.125
unduldsam,0.125
Tafel,0.125
dräuen,0.125
verkneten,0.125
umnachten,0.125
Blütentraum,0.125
antreten,0.125
untersetzen,0.125
überleben,0.125
untertan,0.125
einstecken,0.125
behufs,0.125
Opfertisch,0.125
Nachteil,0.125
begehen,0.125
aussetzen,0.125
hochnotwichtig,0.125
dominieren,0.125
bedürfen,0.125
Gender,0.125
Referent,0.125
fragwürdig,0.125
Mehrheit,0.125
malad,0.125
Besitzungen,0.125
Wahnsinn,0.100
dessen,0.100
sieghaft,0.100
eskamotieren,0.100
bekleiden,0.100
verfallen,0.100
abgeschafft,0.100
Bacchanal,0.100
Colt,0.100
Anerbieten,0.100
Danaergeschenk,0.100
Calembourg,0.100
hoch,0.100
Hoffart,0.100
unterwegs,0.100
Luft,0.100
Schmähung,0.100
unschuldig,0.100
Kopfwäsche,0.100
Pelz,0.100
Usanz,0.100
schwären,0.100
genießen,0.100
leben,0.100
abbilden,0.100
härmen,0.100
durchklingen,0.100
spitze,0.100
Nestor,0.100
entschleiern,0.100
erkiesen,0.100
Paragraphenreiter,0.100
reichen,0.100
Ablehnung,0.100
notwendig,0.100
freund,0.100
sinnvoll,0.100
Zopf,0.100
Sinnenlust,0.100
prädominant,0.100
züchtig,0.100
nahen,0.100
fühlen,0.100
einwandfrei,0.100
sondern,0.100
käuflich,0.100
rasch,0.100
bergen,0.100
sportlich,0.100
versterben,0.100
Schwellkörper,0.100
Erde,0.100
gelten,0.100
stillen,0.100
präsentieren,0.100
ausschließen,0.100
auftauchen,0.100
Lesebändchen,0.100
Hort,0.100
mäßig,0.100
versäubern,0.100
Gesetzesbrecherin,0.100
Siechtum,0.100
windumtost,0.100
missen,0.100
Kindheitstraum,0.100
Haupthaar,0.100
verlassen,0.100
chic,0.100
Auge,0.100
Atheist,0.100
niederstrecken,0.100
extra,0.100
Doyen,0.100
mühsam,0.100
Unart,0.100
Kapitalstrafe,0.100
klamm,0.100
Schuh,0.100
gehören,0.100
einkaufen,0.100
grimm,0.100
Anwandlungen,0.100
Nordafrikaner,0.100
speziell,0.100
Kontrebandist,0.100
Berufsschule,0.100
anerkennen,0.100
versichern,0.100
Drolerie,0.075
Diallele,0.075
gesalzen,0.075
einflüstern,0.075
alert,0.075
Alkoholismus,0.075
lösen,0.075
zappelig,0.075
Windows,0.075
Medikaster,0.075
hysterisch,0.075
Kupfer,0.075
Stau,0.075
Fährde,0.075
Knopf,0.075
Kündigung,0.075
überarbeiten,0.075
böotisch,0.075
Ärger,0.075
belegen,0.075
Sekkiererei,0.075
Versuch,0.075
kampflos,0.075
verhöhnen,0.075
Damaskusereignis,0.075
aufteilen,0.075
Leben,0.075
gebieterisch,0.075
fürder,0.075
Biedermann,0.075
Katheder,0.075
lohnen,0.075
pürieren,0.075
Kanister,0.075
ausgebildet,0.075
Fährnis,0.075
beten,0.075
Reich,0.075
grämlich,0.075
gleichen,0.075
umschreiben,0.075
Lehrer,0.075
zuwandernd,0.075
verwickelt,0.075
heimführen,0.075
DPP-Partei,0.075
brillianter,0.075
schlaftrunken,0.075
Abschlag,0.075
Eierstock,0.075
Seitenhieb,0.075
Spender,0.075
Frage,0.075
Stress,0.075
kochen,0.075
weiterreichen,0.075
Kleiderschrank,0.075
Stand,0.075
Metall,0.075
pseudo-religiöse,0.075
Dieselpreis,0.075
Bodenturner,0.075
Vertreter,0.075
vorgeschickt,0.075
heranziehen,0.075
abends,0.075
durchgehen,0.075
Neufünfland,0.075
schlechterdings,0.075
grienen,0.075
Zauberflöte,0.075
Luftdruckprüfer,0.075
Schalthebel,0.075
verbos,0.075
bieder,0.075
Preis,0.075
masochistisch,0.075
Ausdruck,0.075
Völkerringen,0.075
Wurzel,0.075
abgleiten,0.075
Jüngling,0.075
eigentlich,0.075
Achter,0.075
Gewebe,0.075
Post,0.050
sägen,0.050
Werbung,0.050
bemuttern,0.050
vertippen,0.050
Gotteskrieger,0.050
bereit,0.050
ritualen,0.050
kriegführend,0.050
verschieden,0.050
hingeben,0.050
ausbeißen,0.050
aufstellen,0.050
dringen,0.050
Xylakantensympathisant,0.050
lesen,0.050
Größe,0.050
empfangen,0.050
entschlagen,0.050
US-Armee,0.050
Malice,0.050
Menetekel,0.050
zurückgeben,0.050
zertrümmern,0.050
chinesisch,0.050
bezahlen,0.050
füglich,0.050
verraten,0.050
sämtliche,0.050
unauffällig,0.050
nochmal,0.050
Totenschrein,0.050
genau,0.050
bedenklich,0.050
Clownerie,0.050
anbiedern,0.050
nacharten,0.050
bußfertig,0.050
Fuchs,0.050
tausend,0.050
Abtreibung,0.050
Mittelschule,0.050
sterben,0.050
schärfen,0.050
anreihen,0.050
Xanthippe,0.050
aufdringlich,0.050
ziehen,0.050
Tort,0.050
Fant,0.050
Latüchte,0.050
Vorbeter,0.050
Vöglein,0.050
Honig,0.050
ernähren,0.050
Lewinsky-Zwischenfall,0.050
hinaufwürdigen,0.050
Sekunde,0.050
anspruchslos,0.050
widersprechen,0.050
auseinanderklamüsern,0.050
tief,0.050
Wehr,0.050
fluid,0.050
Gehirnathlet,0.050
ausländisch,0.050
abgünstig,0.050
eindeutig,0.050
Zwerchfellzerrung,0.050
Radarsystem,0.050
gemeiniglich,0.050
Zweifel,0.050
einander,0.050
vielleicht,0.050
avec,0.050
unbedacht,0.050
Tretmühle,0.050
Arm,0.050
Panazee,0.050
Notabeln,0.050
gestimmt,0.050
weltvergessen,0.050
Normalerweise,0.025
Telefonnotizenschreiber,0.025
Pleite,0.025
vermöge,0.025
online,0.025
genant,0.025
Stehen,0.025
allerseits,0.025
Anglerlatein,0.025
Überbein,0.025
hinwegfegen,0.025
einleuchten,0.025
gerne,0.025
Zeawas,0.025
Lupe,0.025
umbranden,0.025
Panos,0.025
Sachsen-Anhaltiner,0.025
siech,0.025
Bienenkraut,0.025
strafbar,0.025
Schuld,0.025
Kinderspiel,0.025
selbstbewaffnung,0.025
hinbekommen,0.025
beobachten,0.025
aehnlich,0.025
verstellen,0.025
Spannung,0.025
Machtgier,0.025
jüdisch,0.025
ruhig,0.025
eingeleitet,0.025
Nachricht,0.025
erhalten,0.025
Wegleuchte,0.025
Futter,0.025
unterheben,0.025
Niaiserie,0.025
aufsitzen,0.025
Karussell,0.025
ansprechen,0.025
anfallen,0.025
alldieweil,0.025
Dämpfer,0.025
vorgehen,0.025
Strumpfhose,0.025
würzen,0.025
Benzin,0.025
Riese,0.025
Volte,0.025
Femen,0.025
sonstig,0.025
Koch,0.025
rosig,0.025
harsch,0.025
Lendenpein,0.025
Feinstaub,0.025
armseeliges,0.025
unfair,0.025
Zweikampfverhalten,0.025
Luftblasen,0.025
zuzahlen,0.025
Sand,0.025
Strumpfhosenträger,0.025
Tier,0.025
tafeln,0.025
Erdgas,0.000
vorwitzig,0.000
Scherzbold,0.000
mitteilen,0.000
Commis-Voyageur,0.000
wetten,0.000
Rostra,0.000
Hall,0.000
fußballverrückt,0.000
kapitalistisch,0.000
Ist,0.000
schleierhaft,0.000
gleich,0.000
betören,0.000
Schutzbau,0.000
dazugeben,0.000
Ausgelieferte,0.000
Mittelschicht,0.000
anwehen,0.000
Gleisner,0.000
klingen,0.000
Häscher,0.000
russisch,0.000
Marke,0.000
Neunmalkluger,0.000
veröffentlichen,0.000
verändern,0.000
Bord,0.000
amerikanisch,0.000
reinlassen,0.000
Frau,0.000
ausatmen,0.000
Vernichtung,0.000
Flachmeer,0.000
Dieselverbrauch,0.000
Skeletor,0.000
dahingehen,0.000
umgekehrt,0.000
nachtun,0.000
Fahrradanschließer,0.000
angreifen,0.000
Zmorge,0.000
southern,0.000
Sodom,0.000
event,0.000
nachforschen,0.000
dabeistehen,0.000
frösteln,0.000
bestrafen,0.000
Hitze,0.000
stürzen,0.000
Provo,0.000
Abgrund,0.000
zerscherben,0.000
erleben,0.000
pervertieren,0.000
reif,0.000
über,0.000
Elbkähne,0.000
Flange,0.000
Verleumder,0.000
danebenbenehmen,0.000
abkriegen,0.000
regen,0.000
Hirnrissigkeit,0.000
Masse,0.000
brennen,0.000
grad,0.000
Straftäter,0.000
Angelegenheit,0.000
Europalette,-0.025
Modeling,-0.025
Bild,-0.025
grausam,-0.025
geschmacklos,-0.025
missraten,-0.025
Straßenschild,-0.025
Dünkel,-0.025
auslachen,-0.025
sic,-0.025
offenbar,-0.025
vollkriegt,-0.025
belästigen,-0.025
hinfallen,-0.025
Volkswahl,-0.025
anfeinden,-0.025
Ameisenhaufen,-0.025
berserkern,-0.025
Posse,-0.025
Dolmetsch,-0.025
Zuchtgarnele,-0.025
Gaskonade,-0.025
kriegen,-0.025
scheiden,-0.025
Juniper,-0.025
Aufwartefrau,-0.025
Umerziehungslager,-0.025
Funkstille,-0.025
Realo,-0.025
Handfeger,-0.025
Cartoon,-0.025
verpaarte,-0.025
einspielen,-0.025
Ganja,-0.025
Windhund,-0.025
entäußern,-0.025
grillen,-0.025
Kühnengruß,-0.025
behausen,-0.025
Ungetier,-0.025
Scheinheiliger,-0.025
Sachbeschädigung,-0.025
verdämmern,-0.025
Gemüse,-0.025
dafür,-0.025
Egoistin,-0.025
zurückgenommen,-0.025
schwarz,-0.025
abtragen,-0.025
Abart,-0.025
Nachbar,-0.025
verfangen,-0.025
aufsprießen,-0.025
verzälle,-0.025
vorgetragen,-0.025
E-Bremse,-0.025
einbrechen,-0.025
pur,-0.025
Krachinstrument,-0.025
Rechtspopulist,-0.025
Roboter,-0.025
Ankreuztest,-0.050
zuwider,-0.050
dahin,-0.050
einkommen,-0.050
nicken,-0.050
Exküsemoaaa,-0.050
jungfräulich,-0.050
stücken,-0.050
veggie,-0.050
schelten,-0.050
aberhundert,-0.050
Blitzer,-0.050
aufhetzen,-0.050
Langfinger,-0.050
erklärbar,-0.050
Tomate,-0.050
Grenzzaun,-0.050
grün,-0.050
Händchen,-0.050
Psychohygiene,-0.050
rauskommen,-0.050
Höchstens,-0.050
fallen,-0.050
Trabi,-0.050
durchbeben,-0.050
Altersstarrsinn,-0.050
heimlichtuerisch,-0.050
Kopfweh,-0.050
umspringen,-0.050
Küchlein,-0.050
Pflaumenwein,-0.050
massenhaft,-0.050
austreiben,-0.050
sparen,-0.050
mählich,-0.050
Kauz,-0.050
flocken,-0.050
flinkzüngig,-0.050
gradweg,-0.050
Legehenne,-0.050
vorlassen,-0.050
Straßenmädchen,-0.050
wohl,-0.050
Stuhl,-0.050
Feuerstein,-0.050
Kino,-0.050
verwenden,-0.050
gestern,-0.050
Spunte,-0.050
Schöneres,-0.050
wegrühren,-0.050
rassistisch,-0.050
Last,-0.050
sorry,-0.050
Zweifinger-Faultiere,-0.050
April,-0.050
Invalidenstock,-0.050
Liste,-0.050
entfuehrten,-0.050
Komma,-0.050
Schluss,-0.050
Kompetenzsimulant,-0.050
wes,-0.050
großspurig,-0.050
weg,-0.050
Mittelgänger,-0.050
sozialneid,-0.050
Lutzpadin,-0.075
einreden,-0.075
Privatsoldat,-0.075
Honey,-0.075
Sender,-0.075
Suchtdruck,-0.075
Ungültigwähler,-0.075
schmecken,-0.075
Faschingsscherz,-0.075
etepetete,-0.075
hängenlassen,-0.075
Lärm,-0.075
Seemannsbart,-0.075
Apparillo,-0.075
Einerseits,-0.075
dahinschmelzen,-0.075
Radl,-0.075
bespeien,-0.075
Farradklingelbenutzer,-0.075
selbdritt,-0.075
sprechen,-0.075
Pudel,-0.075
Missernte,-0.075
lass,-0.075
abspeisen,-0.075
strubbelig,-0.075
Bisamratte,-0.075
malen,-0.075
aufpäppeln,-0.075
Tunwort,-0.075
Linksradikale,-0.075
Gupf,-0.075
Ampel,-0.075
verschenken,-0.075
freaks,-0.075
Toilette,-0.075
Hunger,-0.075
Mofafahrer,-0.075
lügen,-0.075
Erdbeerwoche,-0.075
Talkshowkandidat,-0.075
ausmalen,-0.075
ganz,-0.075
Mappe,-0.075
rumpalavern,-0.075
Raufhandel,-0.075
gaukeln,-0.075
Fischkutter,-0.075
smilies,-0.075
Leuchtstift,-0.075
Geschling,-0.075
gewalttätig,-0.075
Weg,-0.075
Migrantenkind,-0.075
entleeren,-0.075
Lüfterl,-0.075
Big,-0.075
Beluschie,-0.075
Lauf,-0.075
Wassertablette,-0.075
Islamist,-0.075
Bauch,-0.075
Killervirus,-0.075
ertrotzen,-0.075
Ort,-0.075
Kampfszenen,-0.075
gelsen,-0.075
Papi,-0.075
Forche,-0.075
Außenbordskameraden,-0.075
steigen,-0.100
Hundekrawatte,-0.100
keck,-0.100
verfrachten,-0.100
endern,-0.100
Spielchen,-0.100
Massenmord,-0.100
ändern,-0.100
Azubiene,-0.100
Bramburi,-0.100
Blaubart,-0.100
Sherpa,-0.100
Herzbube,-0.100
Sauertopf,-0.100
jämmerlich,-0.100
Zahnableger,-0.100
Rauschebart,-0.100
Spartenjunge,-0.100
löschen,-0.100
Sträfling,-0.100
stemmen,-0.100
beschatten,-0.100
Autogenschweißen,-0.100
Kürbis,-0.100
Brückenkiosk,-0.100
Flugpiste,-0.100
Gerät,-0.100
Techne,-0.100
pechrabenschwarz,-0.100
Leichtfuß,-0.100
Knäckebrot,-0.100
Rad,-0.100
Verschwendung,-0.100
Frechheit,-0.100
trennen,-0.100
Umverteilungsorgien,-0.100
Droge,-0.100
trocken,-0.100
raus,-0.100
wuseln,-0.100
unterhaltlich,-0.100
Römer,-0.100
würfeln,-0.100
erleichtern,-0.100
Stehaufmännchen,-0.100
Kleinkram,-0.100
sitzen,-0.100
hässlich,-0.100
stehlen,-0.100
weißen,-0.100
wegkommen,-0.100
weichklopfen,-0.100
Chef,-0.100
Druck,-0.100
Nichtwählen,-0.100
Blümchenpflücker,-0.100
speien,-0.100
davon,-0.100
Gespiele,-0.125
Futtertrog,-0.125
versteh,-0.125
runterfallen,-0.125
abgschlosse,-0.125
Oberstrich,-0.125
nachstellen,-0.125
Klebnotizenschreiber,-0.125
treiben,-0.125
Aufschneiderei,-0.125
Aufmerker,-0.125
Kiepe,-0.125
schmausen,-0.125
Spund,-0.125
MET,-0.125
Zwingherr,-0.125
Waffel,-0.125
Kalter,-0.125
Jungfrau,-0.125
Assad-Gegner,-0.125
Pfeil,-0.125
kübeln,-0.125
Fachabi,-0.125
verpaffen,-0.125
Selfie,-0.125
Murgel,-0.125
superwerbung,-0.125
Magengrippe,-0.125
Jungfer,-0.125
Krampfader,-0.125
Hahnrei,-0.125
züngeln,-0.125
Schächer,-0.125
aufwachsen,-0.125
Woche,-0.125
hundemüde,-0.125
fragen,-0.125
Teen,-0.125
Zitterling,-0.125
anlassen,-0.125
spreiten,-0.125
Schinkensteel,-0.125
angefasst,-0.125
völlig,-0.125
arbeitsunlustig,-0.125
Söller,-0.125
verschwenden,-0.125
Piercingträger,-0.125
sensen,-0.125
Turbo-Abitur,-0.125
melden,-0.125
bathisch,-0.125
Kofferraumstaubsauger,-0.125
Beanie,-0.125
Schäfchen,-0.125
Bostitch,-0.125
angaloppieren,-0.150
Jungschafe,-0.150
strack,-0.150
Hetero,-0.150
Gang,-0.150
Radkappenverbieger,-0.150
dostig,-0.150
Dummgeschwätz,-0.150
herunterputzen,-0.150
hundertmal,-0.150
Hof,-0.150
Fessel,-0.150
wegsacken,-0.150
Funfact,-0.150
fiepsen,-0.150
Helferlein,-0.150
käfer,-0.150
feindlich,-0.150
Piratenschiff,-0.150
randalieren,-0.150
Wildwest-Filme,-0.150
zerspringen,-0.150
Kameruner,-0.150
Kopfwehtablette,-0.150
aussteigen,-0.150
Mörderbande,-0.150
Schlemihl,-0.150
Einleitung,-0.150
beseitigen,-0.150
ablassen,-0.150
WYSIWYG-Homepagebastler,-0.150
Spezl,-0.150
streßig,-0.150
trödeln,-0.150
Teletubby,-0.150
Elendsgestalt,-0.150
BaWü,-0.150
abschmettern,-0.150
Ostalb,-0.150
Hacken,-0.150
Wohnsarg,-0.150
Horrorfilm,-0.150
abkarten,-0.150
Ösidenkweise,-0.150
beschwipst,-0.150
Xenonlichtautofahrer,-0.150
dingen,-0.150
unhöflich,-0.150
Gartenzaunstreicher,-0.150
Lüge,-0.150
Kiste,-0.150
News,-0.150
Walross,-0.150
ihrer,-0.150
Schlepper,-0.150
Zielscheibe,-0.150
faul,-0.150
rumtreiben,-0.150
Sozialneid,-0.150
größenwahnsinnig,-0.150
stockdunkel,-0.150
Wasserbettschläfer,-0.150
Zinken,-0.150
Milchstock,-0.150
animalisch,-0.175
Zeltverschieber,-0.175
Fete,-0.175
Nötli,-0.175
Fässle,-0.175
Addy,-0.175
hauen,-0.175
Tagchen,-0.175
deibel,-0.175
Vogelscheuche,-0.175
aggressiv,-0.175
lechzen,-0.175
Märchenkönig,-0.175
Freunderlwirtschaft,-0.175
grausliche,-0.175
Sneak,-0.175
Lagerfeuergittarist,-0.175
lustbetont,-0.175
Süßwassersegler,-0.175
Schnurrpfeiferei,-0.175
greis,-0.175
raspeln,-0.175
Intelligenzposting,-0.175
Mehlwurm,-0.175
schlagen,-0.175
schnittig,-0.175
Papierrückseitenbeschreiber,-0.175
Blinde,-0.175
Wulstling,-0.175
Faulenzer,-0.175
Zuckertäubchen,-0.175
Klamauk,-0.175
verjubeln,-0.175
Wunschtroll,-0.175
Inderdühnen-Box,-0.175
Pizzarandabschneider,-0.175
Islamversteher,-0.175
wegnicken,-0.175
rausgedrängt,-0.175
flüchten,-0.175
reinreden,-0.175
Bleistift,-0.175
Wellenreiten,-0.175
unschön,-0.175
Asylwahnsinn,-0.175
bloß,-0.175
Höhlenbewohner,-0.175
schocken,-0.175
aufgeklatscht,-0.175
Blau,-0.175
abhängig,-0.175
Gatterjagd,-0.175
wegnehmen,-0.175
Fensterputzer,-0.200
aufhängen,-0.200
Gottesacker,-0.200
Fakenews,-0.200
hendi,-0.200
Lehrerschwärmer,-0.200
stampfen,-0.200
Zahnseideaufroller,-0.200
Edescho,-0.200
Marktfaschismus,-0.200
Aushilfsräuber,-0.200
frauenfeindlich,-0.200
Metze,-0.200
Auskehricht,-0.200
winden,-0.200
Nachtbusbenutzer,-0.200
mosern,-0.200
Schubhaftzentrum,-0.200
linksextremistisch,-0.200
Übergriff,-0.200
Spanferkel,-0.200
Flott,-0.200
Volksdeutscher,-0.200
leckermäulig,-0.200
Möchtegern-Intellektueller,-0.200
beschickern,-0.200
Kindsmord,-0.200
Belegesammler,-0.200
poltern,-0.200
Comedy-Star,-0.200
arbeitsunwillig,-0.200
reinspringen,-0.200
Rassist,-0.200
finzelig,-0.200
reissack,-0.200
Suche,-0.200
Pflegefall,-0.200
Grüninnen,-0.200
Schweinsbraten,-0.200
spülen,-0.200
Seiber,-0.200
Kies,-0.200
Baseballkeule,-0.200
Hölzestielchen,-0.200
Bayernfan,-0.200
Bursch,-0.200
fair,-0.200
gscheites,-0.200
babyleicht,-0.200
Bombe,-0.200
Kartoffelpü,-0.200
Leselitze,-0.200
austicken,-0.200
Hirn,-0.225
islamisieren,-0.225
wirklisch,-0.225
stieke,-0.225
Unsegenkraut,-0.225
Pinneken,-0.225
Eunuche,-0.225
Scheuergras,-0.225
wickeln,-0.225
beat,-0.225
Herrenmensch,-0.225
Billigflug,-0.225
packeln,-0.225
Bähnle,-0.225
Vögelchen,-0.225
Dracula,-0.225
Rörenmonitorbenutzer,-0.225
Viehwaggon,-0.225
Mondpreise,-0.225
Gehwegpanzer,-0.225
Hirnskasten,-0.225
Flüchtlingswelle,-0.225
krakeelen,-0.225
Riemenhändler,-0.225
Lauchhammer,-0.225
abstrampeln,-0.225
Mädle,-0.225
Islam-Kritik,-0.225
vergewaltigen,-0.225
aufschlitzen,-0.225
Panzerschaffer,-0.225
übersonnt,-0.225
bar,-0.225
Golfheld,-0.225
Schwachstromelektroleitungsverleger,-0.225
Pipapo,-0.225
andursten,-0.225
Tunichtgut,-0.225
Flitsche,-0.225
Mondpreis,-0.225
Brauchts,-0.225
Verkehr,-0.225
krähen,-0.225
Rinderbüffel,-0.225
Matrix-Fan,-0.225
schreien,-0.250
Pantoffelträger,-0.250
Tragerl,-0.250
schmanten,-0.250
Linke,-0.250
Mottenkiste,-0.250
fluchen,-0.250
schustern,-0.250
peep,-0.250
Bridschn,-0.250
Twitter,-0.250
spachteln,-0.250
Eierkocher,-0.250
voll,-0.250
irgend,-0.250
reinfallen,-0.250
guaden,-0.250
Gräßliche,-0.250
Greenhorn,-0.250
Fleischesser,-0.250
hängen,-0.250
knabbern,-0.250
treten,-0.250
schöööön,-0.250
Hornhaut,-0.250
spinnen,-0.250
schnacken,-0.250
angehustet,-0.250
verhaspeln,-0.250
gaaanz,-0.250
sicken,-0.250
Gag,-0.250
detsch,-0.250
Elefantenrennen,-0.250
triffts,-0.250
Rohrspatz,-0.250
figelinsch,-0.250
Maloche,-0.250
Geschmeiß,-0.250
Stupser,-0.250
Spritzdose,-0.250
dicktun,-0.250
Tomatenfritz,-0.250
Happe,-0.250
Schnuckelmausi,-0.250
böse,-0.250
totlachen,-0.250
spitzbekommen,-0.250
Klolilier,-0.250
Quasselkönig,-0.275
Baustellenbremser,-0.275
Totenlager,-0.275
Ungustl,-0.275
Friendzone,-0.275
Eheweib,-0.275
Pesthauch,-0.275
freien,-0.275
schnäkig,-0.275
Trü,-0.275
häkerln,-0.275
Heizerei,-0.275
Furie,-0.275
Lügenpresse,-0.275
Bettenkind,-0.275
B-Promi,-0.275
schnallen,-0.275
prokeln,-0.275
Hundeexkremente,-0.275
Regenflüchter,-0.275
netzen,-0.275
schlingernd,-0.275
Ansucher,-0.275
rumkrosen,-0.275
zuschaufeln,-0.275
Beutelschneiderei,-0.275
Katzenhirn,-0.275
Ost-Mark,-0.275
Buckel-S,-0.275
gell,-0.275
rauskriegen,-0.275
Volksveräter,-0.275
Urli,-0.275
ablaufen,-0.275
Putinisten,-0.275
Autoerotik,-0.275
Volleugen,-0.275
tranig,-0.275
Kadavergehorsam,-0.275
breasts,-0.275
bollerig,-0.275
Plastiktütenmehrfachbenutzer,-0.275
anzischen,-0.275
Juchhe,-0.275
solariengebraeunten,-0.275
Buttercup,-0.275
muas,-0.275
hopplahopp,-0.275
Retourkutsche,-0.275
Prügelknabe,-0.275
rumkriecht,-0.275
Diktator,-0.275
Judenhass,-0.275
Zoch,-0.275
schlauchen,-0.275
erzen,-0.300
Mautpreller,-0.300
Meck-Pomm,-0.300
Zehennagelschneider,-0.300
Pascher,-0.300
Dudelsackaufbläser,-0.300
Mafiaboss,-0.300
zumauern,-0.300
leimen,-0.300
Schmäh,-0.300
Hasi,-0.300
chauvimäßig,-0.300
tilten,-0.300
durchmüssen,-0.300
schwizermeischtr,-0.300
gezwickten,-0.300
pingelig,-0.300
Durchwurschtelns,-0.300
niedergemangelt,-0.300
Warzengesicht,-0.300
Frauensache,-0.300
mMn,-0.300
möcglichen,-0.300
Lauser,-0.300
Grätzel,-0.300
Schnaps,-0.300
heulen,-0.300
durchstechen,-0.300
strunzen,-0.300
Milchmädchen-Rechnung,-0.300
Pinkepinke,-0.300
versagen,-0.300
Wut,-0.300
laeppert,-0.300
fassen,-0.300
Russ,-0.300
Fremdgänger,-0.300
Lexfiedle,-0.300
Hardcore,-0.300
nickköppen,-0.325
kühl,-0.325
waschelnass,-0.325
Hottehü,-0.325
gruschen,-0.325
pushen,-0.325
Zwanni,-0.325
Schafsäckel,-0.325
Stinkstiefel,-0.325
Pornoheft,-0.325
Landratte,-0.325
raffen,-0.325
Analintigrator,-0.325
Schmalz,-0.325
Knochenmann,-0.325
Prepper,-0.325
Skischuhheizer,-0.325
blank,-0.325
behüpfen,-0.325
rennen,-0.325
Pflaumenaugust,-0.325
hibbelig,-0.325
durchdrücken,-0.325
Stapi,-0.325
Früchtchen,-0.325
Dumpfgummis,-0.325
Nuckel,-0.325
Heroin,-0.325
stechen,-0.325
Stripper,-0.350
Absturzvogel,-0.350
shutteln,-0.350
riesenkriese,-0.350
runterladen,-0.350
knüppelhart,-0.350
rappelvoll,-0.350
steif,-0.350
Quotenfrau,-0.350
Saunauntensitzer,-0.350
Besenkammer,-0.350
Jungspund,-0.350
Hexennase,-0.350
Eiskunstlaufgucker,-0.350
Extrapfui,-0.350
Warmbadetagbader,-0.350
Zwangsonnanist,-0.350
Haschisch,-0.350
mittelprächtig,-0.350
Nassauer,-0.350
Windschattenfahrer,-0.350
ausbluten,-0.350
sexuell,-0.350
Schnute,-0.350
Batzenschmelzer,-0.350
Teufelskerl,-0.350
sprechfaul,-0.350
Taschenkammträger,-0.350
auteln,-0.350
Rüsselwarze,-0.350
Starkstromspritzer,-0.350
Socke,-0.350
schlacksig,-0.350
Behördenbriefleser,-0.350
hacken,-0.350
Schrumpfgespenst,-0.350
schnüffeln,-0.350
Dodl,-0.350
Scharia,-0.350
Geruchsverbreiter,-0.350
Bierbauch,-0.350
Hüdelmax,-0.350
Butskopf,-0.375
verkappt,-0.375
Töten,-0.375
Bürscherl,-0.375
Armleuchter,-0.375
Melonomgesicht,-0.375
Briefmarkenbefeuchter,-0.375
Gammler,-0.375
Spassbremse,-0.375
Fister,-0.375
Übel,-0.375
Kartoffelsack,-0.375
sporteln,-0.375
Taschenzwiebel,-0.375
palavern,-0.375
verkalkt,-0.375
maenner,-0.375
Vizemutter,-0.375
zukriegen,-0.375
aussaugen,-0.375
Abdeckstiftdauerbenutzer,-0.375
Ass,-0.375
Grünzeugs,-0.375
rummosern,-0.375
weiterverhökern,-0.375
Terrorfanatiker,-0.375
Tagversauer,-0.375
Teufelsbraten,-0.375
Mordfabrik,-0.375
Buchter,-0.375
Bauernsohn,-0.375
tschö,-0.375
Fremdcanceln,-0.375
dreist,-0.375
puuhh,-0.375
Stirnknifte,-0.400
Schwafelei,-0.400
bestä,-0.400
Lauscher,-0.400
Tötungsfabrik,-0.400
Speiben,-0.400
Kiddie,-0.400
Allround-Dilettant,-0.400
Schabe,-0.400
Futz,-0.400
Rosettenmeerschweinchen,-0.400
blocken,-0.400
Nymphchen,-0.400
Büx,-0.400
herummotzen,-0.400
Mümmelmann,-0.400
Brilli,-0.400
Monsterfurz,-0.400
Ehegespons,-0.400
Rübennase,-0.400
Zombi,-0.400
Schimpfwörterleser,-0.400
schnipp,-0.400
Transvestit,-0.400
Politwurschtel-Koalition,-0.400
Sturztrunk,-0.400
Fettleber-Hepatitis,-0.400
Weiberkittel,-0.425
Muckibude,-0.425
verballern,-0.425
Domina,-0.425
herumdoktern,-0.425
Pseudo-Männern,-0.425
Damensattelreiter,-0.425
antitschen,-0.425
Ommelkuh,-0.425
hump,-0.425
loser,-0.425
rumgehackt,-0.425
Tennissockenträger,-0.425
Tachogucker,-0.425
Eichelsalat,-0.425
Giftpilzfresser,-0.425
latina,-0.425
Kiepenkerl,-0.425
Brutalo,-0.425
herumfummeln,-0.425
festknallen,-0.425
Bankrutscher,-0.425
Geracker,-0.425
Hartwurm,-0.425
Motorradrückwärtsgangfahrer,-0.425
Boomer,-0.425
Stimmungsbremse,-0.425
Gewitterfürchter,-0.425
durchrasseln,-0.450
bequatschen,-0.450
Quassler,-0.450
hundsmüde,-0.450
jawoll,-0.450
klippo,-0.450
hopphopp,-0.450
Blaustrumpf,-0.450
Badstübler,-0.450
rumfuchteln,-0.450
Knutschfleckverdecker,-0.450
Enddarmmasseur,-0.450
Schweinegatter,-0.450
Laminatnager,-0.450
wegmüssen,-0.450
Fletsche,-0.450
jippi,-0.450
Schluffen,-0.450
Schaskopf,-0.450
Ekelhaft,-0.450
vollessen,-0.450
beschneiden,-0.450
splitterfasernackt,-0.450
Leichenbrenner,-0.450
Yakarsch,-0.450
saugen,-0.450
Calgonreiber,-0.450
Pornoprostituierte,-0.450
Säuferleber,-0.450
Genörgel,-0.450
Aalschwanz,-0.450
Abkürzungsfimmel,-0.475
Floppy,-0.475
Nörgler,-0.475
vögelin,-0.475
Gurtmuffel,-0.475
Dachhase,-0.475
Aknepickel,-0.475
Sklavenstaat,-0.475
Stinkefinger,-0.475
Scheißebürste,-0.475
Schweinsbauch,-0.475
Denkzwerg,-0.475
Nacktmullgesicht,-0.475
Parkhausblinker,-0.475
weggefaulte,-0.475
Western-Klamauk,-0.475
Knast,-0.475
Hirnchen,-0.475
Medienpack,-0.475
durchnehmen,-0.475
dümmlich,-0.475
soso,-0.475
Massenkeilerei,-0.475
Würschtl,-0.475
reinschmuggeln,-0.475
quasseln,-0.475
Verleumderschwein,-0.475
Butterloch,-0.500
Zwiebel-Heuler,-0.500
verranzt,-0.500
Schranze,-0.500
gequoted,-0.500
schlabberig,-0.500
Krawallkoffer,-0.500
Kariesgeburt,-0.500
Trauerkloß,-0.500
Paffen,-0.500
schmachten,-0.500
Kladderadatsch,-0.500
Chitinpenis,-0.500
Grätenpuler,-0.500
Rosettenprinte,-0.500
Schlickrutscher,-0.500
volksverblödenden,-0.500
Zinkenhammel,-0.500
Vergewaltiger-Bereich,-0.500
Gesichtssechs,-0.500
Läusevorkoster,-0.500
Sargpolierer,-0.500
Badewannenkind,-0.500
Pfeffersäcke,-0.500
Schnurre,-0.500
Hundejunge,-0.500
Bleppo,-0.500
Arschknaller,-0.500
Gemeindebauprolet,-0.525
Fußballhasser,-0.525
Fixer,-0.525
Krauskopf,-0.525
Fusselfiesling,-0.525
Scheidenpilz,-0.525
Kapuzenzuzieher,-0.525
Proll,-0.525
Hoblschlunze,-0.525
groovy,-0.525
Spageltarzan,-0.525
Fettschwein,-0.525
Ost-Friesenspieß,-0.525
Harnverteiler,-0.525
einlochen,-0.525
Lellerbebbel,-0.525
Schnatterliese,-0.525
herumfrickeln,-0.525
Blöhu,-0.525
Gesichtspilz,-0.525
Hundsgemein,-0.525
Schraubdeckelweintrinker,-0.525
säcklä,-0.525
Disse,-0.525
saugefährlich,-0.525
Käsekopp,-0.525
Schlitzbrunzen,-0.525
schwupp,-0.525
Affenhausgucker,-0.525
Flimmerkiste,-0.525
Analsüchtiger,-0.525
Sauprolet,-0.525
Krepieren,-0.525
Hänfling,-0.525
Wollmützenaufsetzer,-0.525
pfui,-0.525
Fascho,-0.525
vertrimmen,-0.550
zusammenfrickeln,-0.550
Möchtegerngehirnwäsche,-0.550
kollern,-0.550
Saug-Hektor,-0.550
Softeislutscher,-0.550
Hurensack,-0.550
Fingernagelkauer,-0.550
Kackbärchen,-0.550
Kettchenknutscher,-0.550
Hurenjäger,-0.550
Busengrabscher,-0.550
Kistenschiebern,-0.550
Sumpfnudel,-0.550
Panzereichel,-0.550
rumwüten,-0.550
andackeln,-0.550
Kackstift,-0.550
Futtkuh,-0.550
Fifi,-0.550
Sandkastenbaby,-0.550
Lärcherlschas,-0.550
piselig,-0.550
Schwanzarsch,-0.550
crashen,-0.550
Stricherl,-0.550
Ständer,-0.550
Proteinsack,-0.550
Dorfzuhälter,-0.550
Schleimspüler,-0.550
Stuhlwärmer,-0.550
Mostvieh,-0.550
Entspannungsdame,-0.550
Telefongesicht,-0.550
Komplett-Depperle,-0.550
IT-Fredel,-0.550
Eiersackwärmer,-0.575
Porno,-0.575
rumnölen,-0.575
Übelste,-0.575
gelle,-0.575
rumärgern,-0.575
Salmonellenfresser,-0.575
Saftschlepper,-0.575
Speckmade,-0.575
Zeitlupenscheißer,-0.575
abgelutschten,-0.575
Fetti,-0.575
Rotznase,-0.575
Schokolecker,-0.575
Gesichtsamöbe,-0.575
Schoaßwiesn,-0.575
Weicheiverläumder,-0.575
Gebärmutterabfall,-0.575
Fischfetischist,-0.575
Fress-Flash,-0.575
Freggel,-0.575
Tittenlecker,-0.600
Rüsselpest,-0.600
Dösbaddel,-0.600
Windschottfahrer,-0.600
Kindertelleresser,-0.600
Analfitischist,-0.600
prollen,-0.600
Fickbacke,-0.600
Unterpenner,-0.600
Regelschlecker,-0.600
Hetscherl,-0.600
Tschuschensau,-0.600
Gafferin,-0.600
Rattenschiss,-0.600
Dosenkot,-0.600
Trollaffe,-0.600
schäbig,-0.600
Pannemann,-0.600
Ekelmann,-0.600
Plumpsklotaucher,-0.600
Wackeldackelstreichler,-0.600
Tittenpatscher,-0.600
Schattenduscher,-0.600
Froschpenis,-0.625
Dildoschlampe,-0.625
Bummsbomber,-0.625
Primatenschwein,-0.625
Fäkalcowboy,-0.625
Sojafurz,-0.625
Türsteher-Abschlepperin,-0.625
sumpfen,-0.625
Bumsbär,-0.625
Wetterarsch,-0.625
Dauergrinser,-0.625
Wichselch,-0.625
Aasknochen,-0.625
Schwanzrubbler,-0.625
Wabbler,-0.625
Futkind,-0.625
Fickerlein,-0.625
Zeckenschiss,-0.625
Nudelfurz,-0.625
Fotzenstiel,-0.625
Autonutte,-0.625
Schlumpfbärenficker,-0.625
Schnorrerpost,-0.625
Gesichtspudding,-0.625
Pornohure,-0.625
Käserindenabmacher,-0.625
Nasenpopelfresser,-0.625
besabbeln,-0.625
anbazen,-0.625
Polterhure,-0.650
Pottfinger,-0.650
Dorftrampel,-0.650
Sklavenschlampe,-0.650
Punschkrapferl,-0.650
Schlachtvieh,-0.650
Pickelfotze,-0.650
Analligator,-0.650
Analdrüsenfetish,-0.650
Schmiervogel,-0.650
Schokosträuselscheißer,-0.650
Mohrenköpfle,-0.650
losballern,-0.650
Zipfiklatscher,-0.650
Hurenbefruchter,-0.650
Speedschisser,-0.650
Kugelschwanz,-0.650
Pipimann,-0.650
Gesichtskarambulage,-0.650
Shitstorm,-0.650
Saufbacke,-0.650
Klapskalli,-0.650
Bollerkopf,-0.650
Fettbäuche,-0.675
Analpfahl,-0.675
Würstelfinger,-0.675
Nonnenfoz,-0.675
Darmschlürfer,-0.675
Mittesserausdrücker,-0.675
Dumbo,-0.675
Kackwürstchen,-0.675
Pinkelschwein,-0.675
Affipups,-0.675
Ekelpaket,-0.675
Nazikeule,-0.675
Zahnspangenfresse,-0.675
Schweineschwanz,-0.675
Verleumdervieh,-0.675
Vorhautmann,-0.675
Mistbreitfotze,-0.675
Prallkopf,-0.675
Sumpfschwein,-0.675
Schwachmatentrainer,-0.675
Nasenhaarzupfer,-0.675
Würstel,-0.675
Klugschiss,-0.675
Sauferei,-0.675
Froschklöte,-0.700
Bummskopf,-0.700
Kuhglotzer,-0.700
Fotzenknödel,-0.700
Laberkopp,-0.700
Kotlutscher,-0.700
Kuhmist,-0.700
Steckdosenbefriediger,-0.700
Kackspaten,-0.700
Analdusche,-0.700
Bergauffotze,-0.700
Lochstopfer,-0.700
Vorhautsalat,-0.700
Düffeldoffel,-0.700
piepegal,-0.700
Schweinefleischesser,-0.700
Schrottfahrzeug,-0.700
Muschischeißer,-0.700
Analstopfer,-0.700
Grindhurenviech,-0.700
Klosteinlutscher,-0.700
Masagenutte,-0.700
Wichskugel,-0.700
Kurvenbremser,-0.700
Speckbirne,-0.700
Schnitzelgesicht,-0.700
Suffbruder,-0.700
Dummvolk,-0.700
Schnitzelficker,-0.700
Mülltonnengangster,-0.725
Urinnascher,-0.725
Flüssigkacke,-0.725
Apfeltaschenficker,-0.725
Kräutermuschi,-0.725
Arschrollade,-0.725
Hohlbirne,-0.725
Hode,-0.725
Dämel,-0.725
Pistensau,-0.725
Rotzklöte,-0.725
Saufotze,-0.725
Tuntenpapst,-0.725
Gesichtsbahnhof,-0.725
nasenbohrender,-0.725
Asphaltfresse,-0.725
Dreckspuscher,-0.725
Archgewichster,-0.725
Fingerfresse,-0.725
Terrorschlampe,-0.725
Kothund,-0.725
Analklemtner,-0.725
Analkloake,-0.725
Möchtegernprolet,-0.725
Mondfresse,-0.725
verkloppen,-0.725
Elefantenpenis,-0.750
Beklopptheit,-0.750
Arschleckfresse,-0.750
Analeber,-0.750
Jauchetrinker,-0.750
Dreckschüppengesicht,-0.750
Verarschen,-0.750
Hirnloser,-0.750
Fliegenfurz,-0.750
Pupser,-0.750
Mückenfurz,-0.750
Scheißvieh,-0.750
Rattensohn,-0.750
Scheissdreck,-0.750
Klötenquetscher,-0.750
Dukatenscheißer,-0.750
rotzfrech,-0.750
Muttervonhintenbestäuber,-0.750
Schnapsschlampe,-0.750
linksversifftgute,-0.750
Yufkaficker,-0.750
Pimmelritter,-0.750
Fotzeneichhörnchen,-0.750
sucking,-0.750
Wurstgebärer,-0.775
Nuttenbefruchter,-0.775
Pisseschlotzer,-0.775
Spastivergewaltiger,-0.775
Fickgeschreie,-0.775
kanakisch,-0.775
Kübelwichser,-0.775
Gurkenkopp,-0.775
Seuchpimmel,-0.775
Fotzenschleimschlucker,-0.775
Fäkalfreak,-0.775
Bimbos,-0.775
Fettarschantilope,-0.775
fluppen,-0.775
Hunni,-0.775
Kacknudel,-0.775
Affenwichsgesicht,-0.775
Pfurzkanone,-0.775
Fekalienfürst,-0.775
Knittermöse,-0.775
Hodenhengst,-0.775
Blasarsch,-0.775
Weichei-Justiz,-0.775
Kanakisieren,-0.775
Bumsbeule,-0.775
Yetywichser,-0.775
Rosettenficker,-0.800
Analprolet,-0.800
Pattexfresse,-0.800
Analhölenbefruchter,-0.800
Splatterfresse,-0.800
Arschficknarbenlecker,-0.800
Bananenlutscher,-0.800
Dauerwichser,-0.800
Analzwicker,-0.800
Kacklauch,-0.800
Wichsprinzessin,-0.800
Pimperpöttchen,-0.800
Schwuchtelficker,-0.800
Afrika-Pack,-0.800
Analklemme,-0.800
Affenschwanzlutscher,-0.800
Vollspacken,-0.800
Sackhaarrasierer,-0.800
Lumpilutscher,-0.800
Kurzpisser,-0.825
Analfickfehler,-0.825
Hurenlutscher,-0.825
Votzeschleimfresser,-0.825
Fotzengammel,-0.825
Dickdarmschmuser,-0.825
Popowichskind,-0.825
Volldeppen,-0.825
Arschritzerputzer,-0.825
Bumsfrikadelle,-0.825
Rattenlutscher,-0.825
Muschikratzer,-0.825
Runzelhure,-0.825
Schimmelpimmel,-0.825
Rattenfotze,-0.825
Bumsen,-0.825
Arschkricher,-0.825
Tempelhure,-0.825
Analhoden,-0.825
Amateuralki,-0.825
Arschwabe,-0.850
Rosettenfummler,-0.850
Arschlochsau,-0.850
Altweiberficker,-0.850
Muschikrampf,-0.850
Knallpussy,-0.850
Analflöter,-0.850
Volksfestschlampe,-0.850
Drecksfaschos,-0.850
Arschwombat,-0.850
Nackenarschficker,-0.850
Pimmelbläser,-0.850
Analschlecker,-0.850
Wichsviech,-0.850
fucking,-0.850
Cornflakesfresser,-0.850
Mösenschlecker,-0.850
Analpfeifenputzer,-0.850
Achselhaarlutscher,-0.850
Dreihandwichser,-0.850
Homomösenbefruchter,-0.850
Niggerschwein,-0.850
Modermöse,-0.850
Bumshurenmöse,-0.850
Scheiss-Spiel,-0.850
Arschvibrator,-0.850
Pupskopf,-0.875
Arschlochkind,-0.875
Rotzschleuder,-0.875
Pimmelgretsche,-0.875
Schwanzkopf,-0.875
Wichsarschficker,-0.875
Hurensau,-0.875
Ficksauer,-0.875
Eichelgesicht,-0.875
Hammelficker,-0.875
Peniskopfadler,-0.875
Buckelfotze,-0.875
Rosettenmaseur,-0.875
Wanzenficker,-0.875
Dummfick,-0.900
Arschgelekterhurensohn,-0.900
Kackspalte,-0.900
Stinkbolzen,-0.900
Fotzenrammler,-0.900
Saftsack,-0.900
Muschihaarstylist,-0.900
Pupskanone,-0.900
Katzenfutterficker,-0.925
Analkracher,-0.925
Pissbeckensteinlutscher,-0.925
Arschbefeuchter,-0.925
Pfurzkarnickel,-0.925
Fickbratze,-0.925
Arschkratzer,-0.925
Satanistenficker,-0.925
Tittenhurenschwanzkopf,-0.925
Fickenfotzer,-0.950
Bumsfrickadelle,-0.950
Arschfickschlampe,-0.975
Arschgeigensau,-0.975
Nasenficker,-0.975
Rudelpisser,-0.975
ziegenficker,-0.975
